[example.AllPathsFromSourceToTargetTest.testForFourthcase, example.AllPathsFromSourceToTargetTest.testForFirstCase, example.AllPathsFromSourceToTargetTest.testForSecondCase, example.AllPathsFromSourceToTargetTest.testForThirdCase]
src/main/java/example/AllPathsFromSourceToTarget.java
00020,x,x,x,x
00023,x,x,x,x
00028,x,x,x,x
00030,x,x,x,x
00031,x,x,x,x
00038,x,x,x,x
00042,x,x,x,x
00043,x,x,x,x
00046,x,x,x,x
00048,x,x,x,x
00056,x,x,x,x
00057,x,x,x,x
00058,x,x,x,x
00062,x,x,x,x
00066,x,x,x,x
00067,x,x,x,x
00069,x,x,x,x
00070,x,x,x,x
00073,x,x,x,x
00078,x,x,x,x
00084,x,x,x,x
00085,x,x,x,x
00086,x,x,x,x
00089,x,x,x,x
00091,x,x,x,x
